{
  "hash": "37ef87b7",
  "browserHash": "f6749c13",
  "optimized": {
    "@angular/common/http": {
      "src": "../../../../../node_modules/@angular/common/fesm2022/http.mjs",
      "file": "@angular_common_http.js",
      "fileHash": "a3fc5813",
      "needsInterop": false
    },
    "@angular/core": {
      "src": "../../../../../node_modules/@angular/core/fesm2022/core.mjs",
      "file": "@angular_core.js",
      "fileHash": "5074942d",
      "needsInterop": false
    },
    "@angular/forms": {
      "src": "../../../../../node_modules/@angular/forms/fesm2022/forms.mjs",
      "file": "@angular_forms.js",
      "fileHash": "dacab9ec",
      "needsInterop": false
    },
    "@angular/platform-browser": {
      "src": "../../../../../node_modules/@angular/platform-browser/fesm2022/platform-browser.mjs",
      "file": "@angular_platform-browser.js",
      "fileHash": "d5d196c9",
      "needsInterop": false
    },
    "@angular/router": {
      "src": "../../../../../node_modules/@angular/router/fesm2022/router.mjs",
      "file": "@angular_router.js",
      "fileHash": "a37c1efe",
      "needsInterop": false
    },
    "@ng-bootstrap/ng-bootstrap": {
      "src": "../../../../../node_modules/@ng-bootstrap/ng-bootstrap/fesm2022/ng-bootstrap.mjs",
      "file": "@ng-bootstrap_ng-bootstrap.js",
      "fileHash": "f5b9b604",
      "needsInterop": false
    },
    "rxjs/operators": {
      "src": "../../../../../node_modules/rxjs/dist/esm5/operators/index.js",
      "file": "rxjs_operators.js",
      "fileHash": "aeebfda6",
      "needsInterop": false
    },
    "rxjs": {
      "src": "../../../../../node_modules/rxjs/dist/esm5/index.js",
      "file": "rxjs.js",
      "fileHash": "321feae8",
      "needsInterop": false
    },
    "@angular/common": {
      "src": "../../../../../node_modules/@angular/common/fesm2022/common.mjs",
      "file": "@angular_common.js",
      "fileHash": "a7933d1b",
      "needsInterop": false
    }
  },
  "chunks": {
    "chunk-CV33DFH4": {
      "file": "chunk-CV33DFH4.js"
    },
    "chunk-ZWE3ZXX4": {
      "file": "chunk-ZWE3ZXX4.js"
    },
    "chunk-WVE3MB2T": {
      "file": "chunk-WVE3MB2T.js"
    },
    "chunk-PVP7C4DS": {
      "file": "chunk-PVP7C4DS.js"
    },
    "chunk-RXRC473I": {
      "file": "chunk-RXRC473I.js"
    },
    "chunk-KUOPV5YS": {
      "file": "chunk-KUOPV5YS.js"
    },
    "chunk-2UXUBMH3": {
      "file": "chunk-2UXUBMH3.js"
    },
    "chunk-UB6C7KF6": {
      "file": "chunk-UB6C7KF6.js"
    }
  }
}